{
  "name" : "arizonagreentea_license_plate",
  "version": 2,
  "data": {
    "gen":{
      "pattern" : ["temp-%wt","eg-%wt","foobar-%wt"],
      "patternData":{ "wt":["A","B","C","1","2","3"]}
    },
    "format": {
      "30-15": { //US
        "size" : {"x" : 512, "y": 256},
        "text" : { "x" : 0.5, "y" : 0.65, "scale" : 1, "color" : "rgb(255,255,255)", "limit" : 8},
        "diffuse" : {
          "spriteImg" : "vehicles/common/licenseplates/default/platefont_d.png",
          "backgroundImg" : "vehicles/common/licenseplates/arizonagreentea_license_plate/arizonagreentea_license_plate_background_d.png",
          "fillStyle" : "black"
        },
 
        "bump" : {
          "spriteImg" : "vehicles/common/licenseplates/default/platefont_n.png",
          "backgroundImg" : "vehicles/common/licenseplates/default/licenseplate-default_n.png",
          "fillStyle" : "rgb(0,0,255)"
        },
 
        "specular" : {
          "spriteImg" : "vehicles/common/licenseplates/default/platefont_s.png",
          "fillStyle" : "rgb(233,233,233)"
        }
      },
      "52-11": { //EU
        "size": {
          "x": 1024,
          "y": 196
        },
        "text": {
          "x": 0.54,
          "y": 0.45,
          "scale": 1.7,
          "color": "white",
          "limit": 9
        },
        "diffuse": {
          "spriteImg": "vehicles/common/licenseplates/default/platefont_d.png",
          "backgroundImg" : "vehicles/common/licenseplates/arizonagreentea_license_plate/arizonagreentea_license_plate_background_52-11_d.png",
          "fillStyle": "black"
        },
        "bump": {
          "spriteImg": "vehicles/common/licenseplates/default/platefont_n.png",
          "backgroundImg": "vehicles/common/licenseplates/driver_training/license_plate_german_new_wide_n.png",
          "fillStyle": "rgb(0,0,255)"
        },
        "specular": {
          "spriteImg": "vehicles/common/licenseplates/default/platefont_s.png",
          "fillStyle": "rgb(255,255,255)"
        }
      }
    }
  }
}
